vector,original,reimpl,match,state_original,state_reimpl,state_changed
0 0,void,void,True,fb720f7b,fb720f7b,True
0 2,void,void,True,87783abd,87783abd,True
0 13,void,void,True,781e66a0,781e66a0,True
0 25,void,void,True,953b780d,953b780d,True
0 48,void,void,True,270418f6,270418f6,True
0 49,void,void,True,28071c11,28071c11,True
1 0,void,void,True,c30cbb52,c30cbb52,True
1 2,void,void,True,00a35471,00a35471,True
1 13,void,void,True,ff19b578,ff19b578,True
1 25,void,void,True,e901df8b,e901df8b,True
1 48,void,void,True,aed84979,aed84979,True
1 49,void,void,True,1150a4f3,1150a4f3,True
7 0,void,void,True,3cb2aeb7,3cb2aeb7,True
7 2,void,void,True,c90f860c,c90f860c,True
7 13,void,void,True,6a1eb4d3,6a1eb4d3,True
7 25,void,void,True,ff5e834c,ff5e834c,True
7 48,void,void,True,ba8b73ab,ba8b73ab,True
7 49,void,void,True,9894ceaa,9894ceaa,True
24 0,void,void,True,a84a0480,a84a0480,True
24 2,void,void,True,03980629,03980629,True
24 13,void,void,True,a8efe16e,a8efe16e,True
24 25,void,void,True,fd3dab6e,fd3dab6e,True
24 48,void,void,True,a603685f,a603685f,True
24 49,void,void,True,f30924d9,f30924d9,True
48 0,void,void,True,1b89bdbf,1b89bdbf,True
48 2,void,void,True,0fd9af69,0fd9af69,True
48 13,void,void,True,fbbbf174,fbbbf174,True
48 25,void,void,True,f070bef9,f070bef9,True
48 48,void,void,True,71f4f0ae,71f4f0ae,True
48 49,void,void,True,5817983d,5817983d,True
49 0,void,void,True,4011b5de,4011b5de,True
49 2,void,void,True,fd2efb11,fd2efb11,True
49 13,void,void,True,e24bac8c,e24bac8c,True
49 25,void,void,True,a6ec41c2,a6ec41c2,True
49 48,void,void,True,7fb182ad,7fb182ad,True
49 49,void,void,True,48801d57,48801d57,True
state_regions,0x005722e8+0x0:2500 0x0053caf0+0x0:5000 0x0059bf90+0x0:4 0x00571ff7+0x0:1,,
install_witness,0xe9,0xe9,True
meta,detour=0x5d7a5d00,original=0xd50d80,2026-10-06T12:44:45
VERDICT,GREEN,36,
