module	addr	name	subsystem	evidence	purpose
sound.dll	0x1003e2c0	intPow	audio	caller 0x1003b5a0 (codecTransformStage); caller 0x1003c220 (quantizeParams)	Integer exponentiation by squaring: base *param_1, exponent *param_2; returns 0 for negative exponent unless base is +-1, traps 0**0 with a 1/0.
sound.dll	0x1003e380	floatCopySign	audio	caller 0x10040ab0; caller 0x10041020	Returns the magnitude of *param_1 given the sign of *param_2 (copysign): abs(*param_1) negated when *param_2<0 (vs constant 0x1005ec00).
sound.dll	0x1003e480	medianOfThree	audio	caller 0x1003b5a0 (codecTransformStage)	Returns the median (middle value) of the three ints *param_1,*param_2,*param_3.
sound.dll	0x1003e520	decodeTableSymbol	audio	caller 0x1003b5a0 (codecTransformStage); data 0x10064a80	Looks up 7-bit code (*param_1&0x7f) in table 0x10064a80, writes low nibble to *param_2; uses the low-byte parity and bit4 to advance the counter *param_3 by 1 or 2 and emit the escape value 0xffffffff.
sound.dll	0x1003e600	substituteIfBelowThreshold	audio	caller 0x1003c640 (codecStageDispatch)	Scans floats param_3[1..*param_1]; if every abs value is <= threshold 0x1005ebd4 it overwrites param_3 with param_2, otherwise leaves param_3 unchanged.
sound.dll	0x1003e6d0	gaussSolveClamped	audio	caller 0x1003c640 (codecStageDispatch)	Gaussian elimination on a matrix in the local 10xN work array (from param_2), back-substitutes from param_3 into param_4, divides by pivots; stops and zero-fills the tail when a pivot magnitude drops below 0x1005ec40 and clamps each solved coefficient to [-0.999,0.999].
sound.dll	0x1003c220	quantizeParams	audio	caller 0x1003b150 (codecProcessResource); callee 0x1003e2c0 (intPow); callee 0x10042550 (__ftol)	Quantizes codec parameters: __ftol of the inputs, a binary search over threshold table 0x100647e4 giving an exponent (0x1f-idx/2), then nonlinear quantization of param_7[] through tables 0x100646e8/0x10064684/0x100646c4/0x10064558 using order g_100b58a0 and mode g_100b58a8.
sound.dll	0x1003d040	codecApplyFixedCoeffs	audio	caller 0x1003b150 (codecProcessResource); callee 0x10040e30; data 0x10064a18	Thin wrapper (1-based index fixup) forwarding to 0x10040e30 with the constant coefficient table 0x10064a18, params param_2/param_3.
sound.dll	0x1003d0a0	applyIir2	audio	caller 0x1003b230 (codecSynthStage)	Second-order recursive (IIR) filter over samples param_1[1..*param_2]: y = c*state + two-tap input and two-tap output terms with coefficients 0x1005ebe4/ebe8/ebec/ebf0, keeping the 4-word delay state at param_3+0xbec..0xbfc.
sound.dll	0x1003d8d0	reflectionToLpc	audio	caller 0x1003b230 (codecSynthStage); callee 0x10043204 (sqrt)	Step-up recursion converting reflection coefficients param_1[1..*param_3] to LPC coefficients param_2[] (a_j -= k_i*a_{i-j}); sets *param_5 = sqrt(product of (1-k_i^2)) * *param_4 as the residual gain.
sound.dll	0x1003d1d0	lpcSynthesize	audio	caller 0x1003b230 (codecSynthStage); callee 0x10040f60; callee 0x10043204 (sqrt)	Builds an excitation frame (noise from 0x10040f60 when *param_3==0, else a pulse from table 0x10064a18 shaped by two IIR stages), runs it through the all-pole LPC synthesis filter (param_1 coeffs) twice into param_8+0x924, then energy-normalizes by sqrt(N*gain^2/sum-of-squares) into param_4.
sound.dll	0x1003da50	interpSubframeParams	audio	caller 0x1003b230 (codecSynthStage); callee 0x100432e4 (log); callee 0x100432b0 (CItranscendental1)	Interpolates reflection coefficients across sub-frames in the log-area-ratio domain (log((1+r)/(1-r)) then back via (e^x-1)/(e^x+1)) and places pitch pulses: computes pulse count *param_11, positions param_8[], gains param_9[] from the pitch period and frame state at param_13+0x64c..0x684.
sound.dll	0x10033c70	Channel_closeAndFree	audio	caller 0x10039870; import mmioClose; callee 0x1004249a (operator_delete); data 0x100b49c8 (g_openSoundList); note re/analysis/systems/sound_4.md	Channel teardown: mmioClose the handle at +0, unlink the node from g_openSoundList (updating g_openSoundListCursor/PrevVal, decrementing g_openSoundCount and g_openMmioCount), free the two decode-node lists at +0x4ce/+0x4d2 with their counters +0x4d1/+0x4d5, then vector-destructs the 16 sub-voices at +0x238 (stride 0x110).
sound.dll	0x10034770	Channel_allocAndInitVoice	audio	note re/analysis/systems/sound_4.md	Allocates a sub-voice: scans the 16-bit armed mask (+0x58>>0xc) for a free slot, returns SNDERR 0x21 if the channel is not playing (+0x58 bit0 clear) and 6 if all 16 are busy; clears the slot flag byte (+0x2d4), seeds its rate/position/gain fields from the channel defaults (+0x1e0/+0x1f0/+0x200/+0x22c, pointer +0x230), sets the armed bit in +0x58 and returns the index in *param_1.
sound.dll	0x10034c80	Channel_setRateGlide	audio	data 0x100b49ec (g_soundTimer); note re/analysis/systems/sound_4.md	Starts a pitch glide: converts start/end rates param_1/param_2 (-1 = current +0x1d8) to doubles via scale 0x1005c5e8 into +0x1d0/+0x1e0, and over param_3 timer ticks (param_3 / *g_soundTimer) computes the per-tick rate increment +0x1c8 and integer step +0x1c4, setting the ramp-active bit +0x5c|0x10.
sound.dll	0x100351c0	Channel_setRate	audio	callee 0x10035340 (Channel_setPanGains); callee 0x10042550 (__ftol); data 0x100b4a20 (g_soundEngine); note re/analysis/systems/sound_4.md	Sets the base playback rate: clamps param_1 to [0,0x10000] into +0x208 (double +0x210), updates +0x1e0/+0x1d8 unless fading (+0x58 bit3), recomputes pan via Channel_setPanGains(+0x224), and for each of the 16 playing sub-voices recomputes the forward step and gains from +0x1c0 scaled by g_soundEngine vtable+0x40.
sound.dll	0x100355d0	Channel_setReverseRate	audio	callee 0x10042550 (__ftol); data 0x100b4a20 (g_soundEngine); data 0x100b49ec (g_soundTimer); note re/analysis/systems/sound_4.md	Reverse-playback counterpart of Channel_setRate: for each playing sub-voice negates the step and gains (reverse direction), copies position fields, then sets the reverse rate +0x1c0=param_1 and negative glide increments +0x1c4/+0x1c8 using *g_soundTimer.
sound.dll	0x100357e0	Channel_checkOpen	audio	note re/analysis/systems/sound_4.md	Returns 0 if the channel is open (+0x58 bit1 set) else SNDERR 0x14.
sound.dll	0x100358c0	Channel_readCurrentSample	audio	note re/analysis/systems/sound_4.md	Reads one current sample from the buffer (data ptr at *(this+8)+0x1c): selects 8-bit (+0x18e==8, scaled *0x100-0x8000) vs 16-bit and mono (+0x182==1) vs the param_1-selected stereo channel; returns SNDERR 0x14 if not open.
sound.dll	0x10035150	Channel_setVolume	audio	callee 0x1000f1c0 (DsBuffer::setVolume); note re/analysis/systems/sound_4.md	Sets DirectSound volume param_1 on the channel's primary buffer (+0x54) and on each of the 16 sub-voice buffers (+0x318 stride 0x110), gated on +0x58 bit28 and a non-null buffer.
sound.dll	0x10035770	Channel_findStreamNode	audio	caller 0x1003a730	Walks the stream-buffer list (head +0x1348, cursor saved to +0x1350) and returns the first-dword payload of the node whose end position (node->+8 entry [1]) covers the current play position +0x16c; returns -1 if none.
sound.dll	0x10037720	Channel_setStreamSource	audio	caller 0x1002f8d0	Stores the stream source pair param_1/param_2 at +0x13a0/+0x13a4 and clears +0x58 bit2.
sound.dll	0x10037b00	Channel_set3DPosition	audio	callee 0x10011000 (Ds3DBuffer::setPosition)	Forwards (x,y,z) to Ds3DBuffer::setPosition on the 3D buffer +0x54 when +0x5c bit5 is set and the buffer is non-null; otherwise returns SNDERR 0xb.
sound.dll	0x10037b40	Channel_set3DPositionX	audio	callee 0x10011070 (Ds3DBuffer::setPositionX)	Forwards param_1 to Ds3DBuffer::setPositionX on buffer +0x54 under the same +0x5c bit5 / non-null guard; else SNDERR 0xb.
sound.dll	0x10037b80	Channel_set3DPositionY	audio	callee 0x100110c0 (Ds3DBuffer::setPositionY)	Forwards param_1 to Ds3DBuffer::setPositionY on buffer +0x54 under the +0x5c bit5 / non-null guard; else SNDERR 0xb.
sound.dll	0x10037bc0	Channel_set3DPositionZ	audio	callee 0x10011110 (Ds3DBuffer::setPositionZ)	Forwards param_1 to Ds3DBuffer::setPositionZ on buffer +0x54 under the +0x5c bit5 / non-null guard; else SNDERR 0xb.
sound.dll	0x10037c00	Channel_set3DBufferStub	audio	callee 0x10011160 (stubReturnBC)	Under the +0x5c bit5 / non-null +0x54 guard forwards to the DirectSound 3D-buffer stub 0x10011160; else returns SNDERR 0xb.
sound.dll	0x10034ac0	Channel_releaseVoices	audio	caller 0x10039c40 (MultiSound_release); note re/analysis/systems/sound_4.md	Begins release on all playing sub-voices (requires +0x58 bit6 set and bit4 clear, else SNDERR 0x15): for each armed slot with a non-zero volume double (-0x44/+0x54 != 0.0) sets flag bit3 (releasing), otherwise zeroes the envelope and sets bit2 (finished); if not playing just sets +0x58 bit3.
sound.dll	0x10034b90	Channel_stopVoices	audio	caller 0x10039c80 (MultiSound_stop); note re/analysis/systems/sound_4.md	Stops all sub-voices (requires +0x58 bit6/bit4 guard): for each armed slot whose volume double +0x54 < 0.0 sets flag bits 0x28 and snapshots the gain fields; if the channel is not playing sets +0x58 bit3 / +0x5c bit3, moves +0x1e0 into +0x210 and clears +0x1e0/+0x1e4.
sound.dll	0x10035750	Channel_setPitchRate	audio	caller 0x1003a210 (MultiSound_setPitchCents)	Stores the computed pitch rate value at Channel+0x220.
sound.dll	0x10035f60	Channel_stubReturnB	audio	caller 0x10007010 (writeWaveFile); caller 0x100075e0 (writeWaveFileB)	Stub vtable slot returning SNDERR 0xb (operation not supported).
sound.dll	0x10035f80	Channel_serviceBuffer	audio	caller 0x10007010 (writeWaveFile); callee 0x10010e30 (DsBuffer::isBusy); callee 0x10035fc0 (Channel_stepVolumeFade)	Per-tick buffer service: if the DS buffer +0x54 is no longer busy marks the channel stopped (+0x58 bit4); otherwise, when a fade is in progress (+0x58 bit3) steps the volume ramp via Channel_stepVolumeFade.
sound.dll	0x10035fc0	Channel_stepVolumeFade	audio	caller 0x10035f80 (Channel_serviceBuffer); callee 0x1000f1c0 (DsBuffer::setVolume); callee 0x1000f760 (DsBuffer::stop)	Volume fade/ramp state machine driven by +0x5c flags (bit1 reached, bit3 fade-in, bit4 fade-out): advances current volume +0x1e0 toward target +0x1d0 by step +0x1c8, applies it with DsBuffer::setVolume, and stops the buffer (DsBuffer::stop) with the loop-end bits 0x480 when the target 0.0 is reached.
sound.dll	0x100394c0	freePointerAndClear	util	callee 0x1004249a (operator_delete)	If *param_1 is non-null, operator_delete it and null the pointer.
sound.dll	0x100394f0	MemBlock_alloc	audio	callee 0x100424d7 (operator_new)	Allocates a {ptr,size} block object: returns SNDERR 0x10 if already allocated (*this != 0), 10 if size==0, else operator_new(size) into *this with the size at +4.
sound.dll	0x10038ae0	MemBlock_deleteDtor	audio	callee 0x1004249a (operator_delete)	Deleting destructor for the MemBlock_alloc block: operator_delete the buffer *this, null it, and operator_delete this when param_1 bit0 is set.
sound.dll	0x10039580	nodeListClear	audio	callee 0x1004249a (operator_delete)	Frees every node of the doubly-linked list (head param_1[0], tail param_1[1], count param_1[3]) via operator_delete, walking the next pointer at node+4 and stopping at the sentinel flag node+8, decrementing the count.
sound.dll	0x100384b0	nodeListClear2	audio	callee 0x1004249a (operator_delete)	Byte-identical twin of nodeListClear: frees every node of a doubly-linked list (head/tail/count at param_1[0]/[1]/[3]); reached from destructor unwind funclets.
sound.dll	0x10039620	nodeListPopFront	audio	callee 0x1004249a (operator_delete)	Pops the head node of the doubly-linked list, relinks head/tail, decrements the count, operator_delete the node and returns its payload (node+8); returns 0 when empty.
sound.dll	0x10038430	nodeListAppendValue	audio	caller 0x10032410; callee 0x100424d7 (operator_new)	Appends a new 0xc-byte node {prev,next,value=param_1} to the tail of the doubly-linked list (head this[0], tail this[1], count this+0xc).
sound.dll	0x10038890	WaveInDevice_allocCaptureBuffers	audio	caller 0x1000ead0 (Wave_In_Device::openCapture); callee 0x100424d7 (operator_new)	Allocates param_1 capture buffers of param_2 bytes each: builds a chain of 0x20-byte buffer descriptors (data ptr/size, self-link) plus a 0xc-byte node list at +0x5c/+0x60 (count +0x68), returning SNDERR 0x10/10 on failure.
sound.dll	0x100386e0	WaveInDevice_deleteDtor	audio	callee 0x10038710 (WaveInDevice_dtor); callee 0x1004249a (operator_delete)	Deleting destructor: runs WaveInDevice_dtor then operator_delete this when param_1 bit0 is set.
sound.dll	0x10037e10	MmioBuffer_init	audio	caller 0x10006850 (Wave_Device::appendBuffer); caller 0x10030840 (openMmioSound)	Initializes an mmio buffer descriptor: copies the 0x48-byte MMIOINFO from param_1 into this+0, zeroes +0x88/+0x8c/+0x90, and copies the 0x12-byte WAVEFORMATEX from param_2 into +0xa0.
sound.dll	0x10039690	MultiSound_ctor	audio	caller 0x1002f8d0; callee 0x1002b4e0 (SubChannel_ctor); callee 0x1002ad10 (Sound_setSourceType); vtable 0x1005c7e8	Default constructor of the multi-channel Sound (vtable 0x1005c7e8): runs the SubChannel base ctor, constructs the embedded Channel at +0x70, zeroes the sub-channel array/counters at +0x1420..+0x1448, and calls Sound_setSourceType(this,1).
sound.dll	0x10039790	MultiSound_ctorWithType	audio	caller 0x100093e0 (create_sound); callee 0x1002b4e0 (SubChannel_ctor); callee 0x1002ad10 (Sound_setSourceType); vtable 0x1005c7e8	Constructor of the multi-channel Sound taking a source type: same as MultiSound_ctor but stores param_1 at +0x1420 and +0x1ec.
sound.dll	0x10039870	MultiSound_dtor	audio	caller 0x10039760 (MultiSound_deleteDtor); callee 0x10033c70 (Channel_closeAndFree); callee 0x100340b0 (Channel_releaseBuffers); vtable 0x1005c7e8	Destructor: sets vtable 0x1005c7e8, virtual-deletes each child sub-channel (array +0x1440, count +0x1438), releases the embedded Channel buffers and closes it (Channel_closeAndFree at +0x70), frees +0x1430, and chains to the SubChannel base dtor 0x1002b620.
sound.dll	0x10039760	MultiSound_deleteDtor	audio	callee 0x10039870 (MultiSound_dtor); callee 0x1004249a (operator_delete)	Deleting destructor: runs MultiSound_dtor then operator_delete this when param_1 bit0 is set.
sound.dll	0x10039ce0	MultiSound_start	audio	callee 0x1000c2f0 (WaveCmdQueue::pushNode); callee 0x10034430 (serviceChannelPlayback); callee 0x10035150 (Channel_setVolume); data 0x100b4a20 (g_soundEngine)	Starts playback of the multi-channel Sound: gated on g_soundEngine vtable+0x6c, rewinds/opens the embedded Channel (+0x70) through its vtable (+0x10 open, +0xcc query), services playback, applies volume, and enqueues WaveCmdQueue command 1; returns the SNDERR code on each failure.
sound.dll	0x10039c40	MultiSound_release	audio	callee 0x10034ac0 (Channel_releaseVoices); callee 0x1000c2f0 (WaveCmdQueue::pushNode); data 0x100b4a20 (g_soundEngine)	Releases the embedded Channel voices (+0x70) and, if +0xcc bit2 is set, enqueues WaveCmdQueue command 6 to g_soundEngine.
sound.dll	0x10039c80	MultiSound_stop	audio	callee 0x10034b90 (Channel_stopVoices)	Stops the embedded Channel voices (+0x70).
sound.dll	0x10039bd0	MultiSound_enqueueCmd3	audio	callee 0x1000c2f0 (WaveCmdQueue::pushNode); data 0x100b4a20 (g_soundEngine)	If the virtual method at vtable+0x60 returns non-zero, enqueues WaveCmdQueue command 3 to g_soundEngine (SNDERR 0x13 when the engine is absent); returns 0 otherwise.
sound.dll	0x1003a080	MultiSound_setVoiceBit1On	audio	callee 0x100377f0 (Channel_broadcastVoiceBit1)	When the embedded Channel is open (+0xc8 bit1) sets voice flag bit1 on all its voices via Channel_broadcastVoiceBit1(+0x70,1); returns SNDERR 0x14 otherwise.
sound.dll	0x1003a210	MultiSound_setPitchCents	audio	callee 0x10035750 (Channel_setPitchRate); callee 0x10042550 (__ftol); data 0x1005c6d0	Sets pitch from a +-1200 cents value (wrapped mod 1200): splits into semitones (/100) and cents (%100), indexes the per-semitone rate tables 0x1005c608/0x1005c66c and ratio table 0x1005c6d0 (offset +0xc), linearly interpolates by cents*0.01, and applies the result through Channel_setPitchRate, storing the ratio double at +0x13f8.
sound.dll	0x1003a560	MultiSound_getStatus	audio	callee 0x1002c0d0	Returns the base status word (from 0x1002c0d0) with bit3 (0x8) set when +0x228 is non-zero.
sound.dll	0x1003a5b0	MultiSound_set3DPosition	audio	callee 0x10037b00 (Channel_set3DPosition)	Forwards (x,y,z) to Channel_set3DPosition on the embedded Channel (+0x70).
sound.dll	0x1003a730	MultiSound_findStreamNode	audio	callee 0x10035770 (Channel_findStreamNode)	Forwards to Channel_findStreamNode on the embedded Channel (+0x70).
sound.dll	0x1003a800	MultiSound_is3DEnabled	audio	note re/analysis/systems/sound_4.md	Returns 1 when the embedded Channel is open (+0xc8 bit1) and 3D is enabled (+0xcc bit5), else 0.
sound.dll	0x100377f0	Channel_broadcastVoiceBit1	audio	note re/analysis/systems/sound_4.md	When the channel is open (+0x58 bit0) writes voice-flag bit1 = param_1&1 into all 16 sub-voice flag bytes (+0x2d4 stride 0x110); otherwise stores it as +0x58 bit7.
sound.dll	0x1003aa50	codecSetParams	audio	caller 0x1003aae0 (codecInitContextA); caller 0x1003aef0 (codecInitContextB); data 0x100b58a0	Sets the codec configuration globals: order g_100b58a0=10, frame length g_100b58a4=0xb4 (180), mode g_100b58a8=1.
sound.dll	0x1003aa90	codecAllocContextA	audio	caller 0x100319e0; callee 0x1003aae0 (codecInitContextA); callee 0x10042acd (_malloc)	Allocates the 0x2544-byte codec context A and initializes it with codecInitContextA.
sound.dll	0x1003aae0	codecInitContextA	audio	caller 0x1003aa90 (codecAllocContextA); callee 0x1003aa50 (codecSetParams)	Initializes the 0x2544-byte codec context: calls codecSetParams, zeroes its sub-buffers (0x21c/0x2b8/0x138/0x3c/0x78-word regions) and seeds the default fields (0x133 and 0x1ce frame bounds, 1.0f gains at +0x2090/+0x2210, pitch range 3000 at +0x2248/+0x2250 with 0xbb/0x5d limits, flags at +0x2114/+0x2214/+0x2218).
sound.dll	0x1003aea0	codecAllocContextB	audio	caller 0x10030fb0; callee 0x1003aef0 (codecInitContextB); callee 0x10042acd (_malloc)	Allocates the 0xc00-byte codec context B and initializes it with codecInitContextB.
sound.dll	0x1003aef0	codecInitContextB	audio	caller 0x1003aea0 (codecAllocContextB); callee 0x1003aa50 (codecSetParams)	Initializes the 0xc00-byte codec context: calls codecSetParams, sets frame length 0x3c (60) at +0 and +0x10, 0xb4 at +0x648, 1.0f at +0x654, counts 2/5 at +0xbd8/+0xbdc, and seeds the 16-bit constants 0xad57/0x78ac/0x4236 and 0xdee2/0xd818 at +0xbe0..+0xbe8.
