entry	old	new
1007e6d0	FUN_1007e6d0	operator_delete
1007e820	FUN_1007e820	__fpmath
1007e860	FUN_1007e860	__cfltcvt_init
1007eaf0	FUN_1007eaf0	?_JumpToContinuation@@YGXPAXPAUEHRegistrationNode@@@Z
1007eb40	FUN_1007eb40	FID_conflict:_CallMemberFunction1
1007eb50	FUN_1007eb50	FID_conflict:_CallMemberFunction1
1007eb60	FUN_1007eb60	?_UnwindNestedFrames@@YGXPAUEHRegistrationNode@@PAUEHExceptionRecord@@@Z
1007ec30	FUN_1007ec30	?_CallCatchBlock2@@YAPAXPAUEHRegistrationNode@@PBU_s_FuncInfo@@PAXHK@Z
1007eca0	FUN_1007eca0	?CatchGuardHandler@@YA?AW4_EXCEPTION_DISPOSITION@@PAUEHExceptionRecord@@PAUCatchGuardRN@@PAX2@Z
1007ece0	FUN_1007ece0	?_CallSETranslator@@YAHPAUEHExceptionRecord@@PAUEHRegistrationNode@@PAX2PBU_s_FuncInfo@@H1@Z
1007edb0	FUN_1007edb0	?TranslatorGuardHandler@@YA?AW4_EXCEPTION_DISPOSITION@@PAUEHExceptionRecord@@PAUTranslatorGuardRN@@PAX2@Z
1007ee40	FUN_1007ee40	?_GetRangeOfTrysToCheck@@YAPBU_s_TryBlockMapEntry@@PBU_s_FuncInfo@@HHPAI1@Z
1007efc0	FUN_1007efc0	__onexit
1007f080	FUN_1007f080	_atexit
1007f0a0	FUN_1007f0a0	___onexitinit
1007f160	FUN_1007f160	__cinit
1007f1a0	FUN_1007f1a0	_exit
1007f1e0	FUN_1007f1e0	__cexit
1007f200	FUN_1007f200	__c_exit
1007f220	FUN_1007f220	doexit
1007f310	FUN_1007f310	FID_conflict:__lockexit
1007f320	FUN_1007f320	FID_conflict:__lockexit
1007f3a0	FUN_1007f3a0	FID_conflict:_memcpy
1007f770	FUN_1007f770	_strcat
1007f850	FUN_1007f850	_fclose
1007f8e0	FUN_1007f8e0	__fclose_lk
1007f9a0	FUN_1007f9a0	__fsopen
1007faa0	FUN_1007faa0	_fopen
1007fc60	FUN_1007fc60	__heap_alloc
1007fc80	FUN_1007fc80	__heap_alloc_dbg
100800f0	FUN_100800f0	realloc_help
100806f0	FUN_100806f0	__free_lk
10080780	FUN_10080780	__free_dbg_lk
10080e40	FUN_10080e40	_CheckBytes
10081280	FUN_10081280	__CrtSetDbgFlag
100817e0	FUN_100817e0	__CrtMemDifference
10081c10	FUN_10081c10	__printMemBlockData
10081d30	FUN_10081d30	__CrtDumpMemoryLeaks
10081db0	FUN_10081db0	__CrtMemDumpStatistics
10081e80	FUN_10081e80	__CrtDbgBreak
10081e90	FUN_10081e90	__CrtSetReportMode
10081f90	FUN_10081f90	__CrtDbgReport
10082320	FUN_10082320	_CrtMessageWindow
10082630	FUN_10082630	__CRT_INIT@12
10082960	FUN_10082960	_fabs
10082c80	FUN_10082c80	_sprintf
10082d80	FUN_10082d80	_fread
10082dc0	FUN_10082dc0	__fread_lk
10083010	FUN_10083010	_fprintf
100830e0	FUN_100830e0	___initstdio
10083210	FUN_10083210	___endstdio
10083230	FUN_10083230	__lock_file
10083270	FUN_10083270	FID_conflict:__lock_file2
100832a0	FUN_100832a0	__unlock_file
100832e0	FUN_100832e0	FID_conflict:__lock_file2
10083310	FUN_10083310	__mtinitlocks
10083350	FUN_10083350	__mtdeletelocks
100833f0	FUN_100833f0	__lock
100834f0	FUN_100834f0	__ms_p5_test_fdiv
100835a0	FUN_100835a0	__forcdecpt
100837b0	FUN_100837b0	__cftoe
10083830	FUN_10083830	__cftoe2
100839a0	FUN_100839a0	__cftof
10083a10	FUN_10083a10	__cftof2
10083b50	FUN_10083b50	__cftog
10084090	FUN_10084090	___InternalCxxFrameHandler
10084180	FUN_10084180	?FindHandler@@YAXPAUEHExceptionRecord@@PAUEHRegistrationNode@@PAU_CONTEXT@@PAXPBU_s_FuncInfo@@EH1@Z
10084420	FUN_10084420	?FindHandlerForForeignException@@YAXPAUEHExceptionRecord@@PAUEHRegistrationNode@@PAU_CONTEXT@@PAXPBU_s_FuncInfo@@HH1@Z
10084540	FUN_10084540	?TypeMatch@@YAHPBU_s_HandlerType@@PBU_s_CatchableType@@PBU_s_ThrowInfo@@@Z
10084600	FUN_10084600	___FrameUnwindToState
100847f0	FUN_100847f0	?CallCatchBlock@@YAPAXPAUEHExceptionRecord@@PAUEHRegistrationNode@@PAU_CONTEXT@@PBU_s_FuncInfo@@PAXHK@Z
10084940	FUN_10084940	?ExFilterRethrow@@YAHPAU_EXCEPTION_POINTERS@@@Z
10084990	FUN_10084990	?BuildCatchObject@@YAXPAUEHExceptionRecord@@PAUEHRegistrationNode@@PBU_s_HandlerType@@PBU_s_CatchableType@@@Z
10084d40	FUN_10084d40	__mtinit
10084dd0	FUN_10084dd0	__mtterm
10084e00	FUN_10084e00	__initptd
10084e20	FUN_10084e20	__getptd
10084ec0	FUN_10084ec0	__freeptd
100850a0	FUN_100850a0	?_inconsistency@@YAXXZ
10085130	FUN_10085130	__close
10085260	FUN_10085260	__freebuf
10085300	FUN_10085300	_fflush
10085350	FUN_10085350	__fflush_lk
100853a0	FUN_100853a0	__flush
10085460	FUN_10085460	__flushall
10085470	FUN_10085470	flsall
100855b0	FUN_100855b0	__openfile
10085940	FUN_10085940	__getstream
10085bf5	FUN_10085bf5	__seh_longjmp_unwind@4
100868b0	FUN_100868b0	___sbh_find_block
10086910	FUN_10086910	___sbh_verify_block
10086f50	FUN_10086f50	___sbh_alloc_block
10087490	FUN_10087490	___sbh_alloc_new_region
100875a0	FUN_100875a0	___sbh_alloc_new_group
10087790	FUN_10087790	___sbh_resize_block
10087d80	FUN_10087d80	___sbh_heapmin
10087eb0	FUN_10087eb0	___sbh_heap_check
10089800	FUN_10089800	__isctype
10089bb0	FUN_10089bb0	__snprintf
10089cb0	FUN_10089cb0	__vsnprintf
10089de0	FUN_10089de0	_signal
1008a010	FUN_1008a010	ctrlevent_capture
1008a0b0	FUN_1008a0b0	_raise
1008a2f0	FUN_1008a2f0	siglookup
1008a360	FUN_1008a360	___pxcptinfoptrs
1008a370	FUN_1008a370	___crtMessageBoxA
1008a530	FUN_1008a530	__ioinit
1008a900	FUN_1008a900	__setenvp
1008aa50	FUN_1008aa50	__setargv
1008ab30	FUN_1008ab30	parse_cmdline
1008af60	FUN_1008af60	___crtGetEnvironmentStringsA
1008b1d0	FUN_1008b1d0	__NMSG_WRITE
1008b3e0	FUN_1008b3e0	__handle_qnan1
1008b440	FUN_1008b440	__handle_qnan2
1008b4b0	FUN_1008b4b0	__except1
1008b570	FUN_1008b570	__except2
1008b640	FUN_1008b640	__raise_exc
1008bb10	FUN_1008bb10	__handle_exc
1008bfb0	FUN_1008bfb0	__errcode
1008c030	FUN_1008c030	__set_exp
1008c070	FUN_1008c070	__get_exp
1008c0a0	FUN_1008c0a0	__add_exp
1008c0e0	FUN_1008c0e0	__set_bexp
1008c120	FUN_1008c120	__sptype
1008c1a0	FUN_1008c1a0	__decomp
1008c2e0	FUN_1008c2e0	__statfp
1008c300	FUN_1008c300	__clrfp
1008c320	FUN_1008c320	__ctrlfp
1008c360	FUN_1008c360	__set_statfp
1008c5f0	FUN_1008c5f0	__powhlp
1008c860	FUN_1008c860	__d_inttype
1008c8e0	FUN_1008c8e0	__flsbuf
1008cb60	FUN_1008cb60	__output
1008d890	FUN_1008d890	write_char
1008d910	FUN_1008d910	write_multi_char
1008d950	FUN_1008d950	write_string
1008d9a0	FUN_1008d9a0	get_int_arg
1008d9c0	FUN_1008d9c0	get_int64_arg
1008d9e0	FUN_1008d9e0	get_short_arg
1008da00	FUN_1008da00	__filbuf
1008dbf0	FUN_1008dbf0	__read
1008dc80	FUN_1008dc80	__read_lk
1008e160	FUN_1008e160	__stbuf
1008e2c0	FUN_1008e2c0	__ftbuf
1008e360	FUN_1008e360	__fcloseall
1008e440	FUN_1008e440	__statusfp
1008e460	FUN_1008e460	__clearfp
1008e480	FUN_1008e480	__control87
1008e4f0	FUN_1008e4f0	__fpreset
1008e550	FUN_1008e550	__abstract_cw
1008e6d0	FUN_1008e6d0	__hw_cw
1008e830	FUN_1008e830	__abstract_sw
1008e8f0	FUN_1008e8f0	_tolower
1008e990	FUN_1008e990	__tolower_lk
1008eac0	FUN_1008eac0	__ZeroTail
1008ec00	FUN_1008ec00	__RoundMan
1008ee90	FUN_1008ee90	__ld12cvt
1008f0e0	FUN_1008f0e0	FID_conflict:__ld12tod
1008f100	FUN_1008f100	FID_conflict:__ld12tod
1008f120	FUN_1008f120	__ld12told
1008f1e0	FUN_1008f1e0	FID_conflict:__atodbl
1008f220	FUN_1008f220	__atoldbl
1008f260	FUN_1008f260	FID_conflict:__atodbl
1008f2a0	FUN_1008f2a0	__fptostr
1008f3a0	FUN_1008f3a0	__fltout2
1008f420	FUN_1008f420	___dtold
1008f590	FUN_1008f590	FID_conflict:_memcpy
1008f8e0	FUN_1008f8e0	__87except
1008fa60	FUN_1008fa60	?__CxxUnhandledExceptionFilter@@YGJPAU_EXCEPTION_POINTERS@@@Z
1008fb00	FUN_1008fb00	?_ValidateRead@@YAHPBXI@Z
1008fb30	FUN_1008fb30	?_ValidateWrite@@YAHPAXI@Z
1008fde0	FUN_1008fde0	xcptlookup
1008fe60	FUN_1008fe60	__alloc_osfhnd
10090110	FUN_10090110	__free_osfhnd
100901f0	FUN_100901f0	__get_osfhandle
10090260	FUN_10090260	__open_osfhandle
10090370	FUN_10090370	__lock_fhandle
100904f0	FUN_100904f0	__commit
100905d0	FUN_100905d0	__write
10090660	FUN_10090660	__write_lk
10090920	FUN_10090920	__sopen
10090e80	FUN_10090e80	_strtol
10090ea0	FUN_10090ea0	strtoxl
100911e0	FUN_100911e0	_strtoul
10091390	FUN_10091390	___crtGetStringTypeA
10091640	FUN_10091640	__setmbcp
100919f0	FUN_100919f0	_CPtoLCID
10091af0	FUN_10091af0	setSBUpLow
10091e20	FUN_10091e20	___initmbctable
10092bf0	FUN_10092bf0	__frnd
10092c70	FUN_10092c70	__scalb
10092c90	FUN_10092c90	__logb
10092dc0	FUN_10092dc0	__nextafter
10093100	FUN_10093100	__finite
10093130	FUN_10093130	__isnan
10093180	FUN_10093180	__fpclass
10093260	FUN_10093260	__lseek
100932f0	FUN_100932f0	__lseek_lk
100933b0	FUN_100933b0	__getbuf
100934c0	FUN_100934c0	_wctomb
10093540	FUN_10093540	__wctomb_lk
100935e0	FUN_100935e0	_setlocale
100939d0	FUN_100939d0	__setlocale_set_cat
10093b70	FUN_10093b70	__setlocale_get_all
10093c70	FUN_10093c70	__expandlocale
10093e60	FUN_10093e60	___lc_strtolc
10094030	FUN_10094030	___crtLCMapStringA
10094340	FUN_10094340	strncnt
10094550	FUN_10094550	___mtold12
10094690	FUN_10094690	___strgtold12
100951c0	FUN_100951c0	___STRINGTOLD
10095210	FUN_10095210	_$I10_OUTPUT
10095730	FUN_10095730	__chsize
100957b0	FUN_100957b0	__chsize_lk
100959f0	FUN_100959f0	_toupper
10095a90	FUN_10095a90	__toupper_lk
10095bc0	FUN_10095bc0	_ldexp
10095f60	FUN_10095f60	__get_lc_time
10096800	FUN_10096800	___init_numeric
10096b30	FUN_10096b30	___init_monetary
10096c60	FUN_10096c60	__get_lc_lconv
10096ef0	FUN_10096ef0	__free_lc_lconv
10096f90	FUN_10096f90	___init_ctype
10097340	FUN_10097340	_strcspn
10097380	FUN_10097380	_strpbrk
100973c0	FUN_100973c0	___get_qualified_locale
100975c0	FUN_100975c0	_TranslateName
10097650	FUN_10097650	_GetLcidFromLangCountry
10097710	FUN_10097710	_LangCountryEnumProc@4
10097a40	FUN_10097a40	_GetLcidFromLanguage
10097ac0	FUN_10097ac0	_LanguageEnumProc@4
10097be0	FUN_10097be0	_GetLcidFromCountry
10097c30	FUN_10097c30	_CountryEnumProc@4
10097ce0	FUN_10097ce0	_GetLcidFromDefault
10097d10	FUN_10097d10	_ProcessCodePage
10097db0	FUN_10097db0	_TestDefaultCountry
10097e00	FUN_10097e00	_TestDefaultLanguage
10097e90	FUN_10097e90	_IsThisWindowsNT
10098070	FUN_10098070	_LcidFromHexString
10098160	FUN_10098160	___ld12mul
100985a0	FUN_100985a0	___multtenpow12
10098670	FUN_10098670	__setmode
100986f0	FUN_100986f0	__setmode_lk
100987c0	FUN_100987c0	__Getdays
100988f0	FUN_100988f0	__Getmonths
10098a20	FUN_10098a20	__Gettnames
10098f40	FUN_10098f40	__expandtime
100995b0	FUN_100995b0	__store_num
10099710	FUN_10099710	__store_winword
10099c30	FUN_10099c30	___getlocaleinfo
10099ed0	FUN_10099ed0	___crtGetStringTypeW
1009a140	FUN_1009a140	__strcmpi
1009a210	FUN_1009a210	__strnicmp
1009a320	FUN_1009a320	_atol
1009a420	FUN_1009a420	_atoi
1009a440	FUN_1009a440	__atoi64
1009a570	FUN_1009a570	___tzset
1009a5b0	FUN_1009a5b0	__tzset
1009a5d0	FUN_1009a5d0	__tzset_lk
1009a980	FUN_1009a980	__isindst
1009a9b0	FUN_1009a9b0	__isindst_lk
1009acb0	FUN_1009acb0	cvtdate
1009aeb0	FUN_1009aeb0	___crtGetLocaleInfoW
1009b050	FUN_1009b050	___crtGetLocaleInfoA
1009b240	FUN_1009b240	_getenv
1009b390	FUN_1009b390	___wtomb_environ
1009b440	FUN_1009b440	___crtCompareStringA
1009b840	FUN_1009b840	strncnt
1009b890	FUN_1009b890	___crtsetenv
1009bce0	FUN_1009bce0	__mbschr
